<application>
  <component name="FileTypeManager" version="18">
    <extensionMap>
      <mapping pattern="privacy-nika" type="Jade" />
      <mapping pattern=".prettierignore" type="PLAIN_TEXT" />
      <mapping pattern=".env-prod" type="PLAIN_TEXT" />
      <mapping pattern=".env-dev" type="PLAIN_TEXT" />
      <mapping pattern=".env.local" type="PLAIN_TEXT" />
      <mapping pattern="_promo-offer.php" type="PLAIN_TEXT" />
      <mapping ext="nunjucks" type="PLAIN_TEXT" />
      <mapping ext="local" type="PLAIN_TEXT" />
      <mapping ext="app" type="PLAIN_TEXT" />
      <mapping ext="env-local" type="PLAIN_TEXT" />
      <mapping pattern="product-delivery" type="SCSS" />
      <mapping pattern="_menu-history-table" type="SCSS" />
      <mapping pattern="page-heading.scss" type="Sass" />
      <mapping pattern=".nunjucks" type="Twig" />
      <mapping pattern="our-products" type="Twig" />
      <mapping pattern=".njk" type="Twig" />
      <mapping pattern=".nunj" type="Twig" />
      <mapping pattern="tsconfig.spec.json" type="tsconfig" />
      <mapping pattern="tsconfig.app.json" type="tsconfig" />
      <mapping pattern="tsconfig.lib.json" type="tsconfig" />
      <mapping pattern="tsconfig.e2e.json" type="tsconfig" />
      <removed_mapping ext="bat" approved="true" type="PLAIN_TEXT" />
      <removed_mapping ext="cmd" approved="true" type="PLAIN_TEXT" />
      <removed_mapping ext="dockerfile" approved="true" type="textmate" />
      <removed_mapping ext="ignore" approved="true" type="IgnoreLang file" />
      <removed_mapping ext="log" approved="true" type="PLAIN_TEXT" />
      <removed_mapping ext="makefile" approved="true" type="textmate" />
      <removed_mapping ext="snakefile" approved="true" type="textmate" />
      <removed_mapping pattern=".gitattributes" approved="true" type="PLAIN_TEXT" />
    </extensionMap>
  </component>
</application>