<application>
  <component name="FileTypeManager" version="19">
    <extensionMap>
      <mapping pattern="_env" type="AUTO_DETECTED" />
      <mapping pattern="фыв" type="AUTO_DETECTED" />
      <mapping pattern="commit-msg" type="AUTO_DETECTED" />
      <mapping pattern=".npmrc.local" type="PLAIN_TEXT" />
      <mapping pattern=".gitattributes" type="PLAIN_TEXT" />
      <mapping pattern="env.local" type="PLAIN_TEXT" />
      <mapping pattern=".versionrc" type="PLAIN_TEXT" />
      <mapping pattern=".env-dev" type="PLAIN_TEXT" />
      <mapping pattern="_promo-offer.php" type="PLAIN_TEXT" />
      <mapping pattern=".nvmrc" type="PLAIN_TEXT" />
      <mapping pattern=".env-prod" type="PLAIN_TEXT" />
      <mapping ext="nunjucks" type="PLAIN_TEXT" />
      <mapping ext="app" type="PLAIN_TEXT" />
      <mapping ext="env-local" type="PLAIN_TEXT" />
      <mapping ext="geojson" type="PLAIN_TEXT" />
      <mapping pattern="_menu-history-table" type="SCSS" />
      <mapping pattern="product-delivery" type="SCSS" />
      <mapping pattern="page-heading.scss" type="Sass" />
      <mapping pattern="our-products" type="Twig" />
      <mapping pattern=".nunj" type="Twig" />
      <mapping pattern=".njk" type="Twig" />
      <mapping pattern=".nunjucks" type="Twig" />
      <removed_mapping ext="bat" approved="true" type="PLAIN_TEXT" />
      <removed_mapping ext="cmd" approved="true" type="PLAIN_TEXT" />
      <removed_mapping ext="csv" approved="true" type="CSV/TSV" />
      <removed_mapping ext="dockerfile" approved="true" type="textmate" />
      <removed_mapping ext="dockerignore" approved="true" type="DockerIgnore file" />
      <removed_mapping ext="graphqlconfig" approved="true" type="JSON" />
      <removed_mapping ext="ignore" approved="true" type="IgnoreLang file" />
      <removed_mapping ext="log" approved="true" type="PLAIN_TEXT" />
      <removed_mapping ext="makefile" approved="true" type="textmate" />
      <removed_mapping ext="snakefile" approved="true" type="textmate" />
      <removed_mapping ext="tsv" approved="true" type="CSV/TSV" />
      <mapping pattern="privacy-nika" type="Jade" />
    </extensionMap>
  </component>
</application>