<application>
  <component name="FindSettings">
    <option name="customScope" value="All Places" />
    <option name="defaultScopeName" value="All Places" />
    <option name="SEARCH_SCOPE" value="All Places" />
    <option name="FILE_MASK" value="*.tsx" />
    <mask>*.properties</mask>
    <mask>*.jsp</mask>
    <mask>*.xml</mask>
    <mask>*.java</mask>
    <mask>*.as</mask>
    <mask>*.mxml</mask>
    <mask>*.pug</mask>
    <mask>*.css</mask>
    <mask>*.php</mask>
    <mask>*.html</mask>
    <mask>*.js</mask>
    <mask>*.ts</mask>
    <mask>*.scss</mask>
    <mask>*.less</mask>
    <mask>*.tsx</mask>
  </component>
</application>