<application>
  <component name="GeneralSettings">
    <option name="showTipsOnStartup" value="false" />
    <option name="confirmOpenNewProject2" value="0" />
    <option name="processCloseConfirmation" value="TERMINATE" />
  </component>
  <component name="Registry">
    <entry key="ide.experimental.ui" value="true" />
  </component>
  <component name="StatusBar">
    <option name="widgets">
      <map>
        <entry key="AIAssistant" value="false" />
        <entry key="JSONSchemaSelector" value="false" />
        <entry key="git" value="true" />
        <entry key="php.debug.status.widget" value="false" />
        <entry key="php.language.level.widget" value="false" />
      </map>
    </option>
  </component>
</application>