<application>
  <component name="NodeJsLocalInterpreterManager">
    <local-interpreter path="/usr/local/Cellar/node/20.5.1/bin/node">
      <version-cache version="20.5.1" last-modified="1691588250000" />
    </local-interpreter>
    <local-interpreter path="/usr/local/bin/node">
      <version-cache version="20.5.1" last-modified="1691588250000" />
    </local-interpreter>
    <local-interpreter path="$USER_HOME$/.nvm/versions/node/v18.19.0/bin/node">
      <version-cache version="18.19.0" last-modified="1701271986000" />
    </local-interpreter>
    <local-interpreter path="$USER_HOME$/.nvm/versions/node/v18.16.0/bin/node">
      <version-cache version="18.16.0" last-modified="1681274555000" />
    </local-interpreter>
    <local-interpreter path="$USER_HOME$/.nvm/versions/node/v18.13.0/bin/node">
      <version-cache version="18.13.0" last-modified="1672958373000" />
    </local-interpreter>
    <local-interpreter path="/usr/local/Cellar/node/17.8.0/bin/node">
      <version-cache last-modified="0" />
    </local-interpreter>
    <local-interpreter path="$USER_HOME$/.nvm/versions/node/v16.15.1/bin/node">
      <version-cache version="16.15.1" last-modified="1654116748000" />
    </local-interpreter>
    <local-interpreter path="$USER_HOME$/.nvm/versions/node/v15.9.0/bin/node">
      <version-cache version="15.9.0" last-modified="1613608532000" />
    </local-interpreter>
    <local-interpreter path="$USER_HOME$/.nvm/versions/node/v14.21.1/bin/node">
      <version-cache version="14.21.1" last-modified="1667567413000" />
    </local-interpreter>
    <local-interpreter path="$USER_HOME$/.nvm/versions/node/v14.12.0/bin/node">
      <version-cache version="14.12.0" last-modified="1600742513000" />
    </local-interpreter>
    <local-interpreter path="$USER_HOME$/.nvm/versions/node/v12.22.12/bin/node">
      <version-cache version="12.22.12" last-modified="1649145075000" />
    </local-interpreter>
  </component>
</application>