<application>
  <component name="ProjectManager">
    <defaultProject>
      <component name="ComposerSettings">
        <execution />
      </component>
      <component name="PropertiesComponent">{
  &quot;keyToString&quot;: {
    &quot;settings.editor.selected.configurable&quot;: &quot;org.jetbrains.plugins.gitlab.GitLabSettingsConfigurable&quot;
  }
}</component>
      <component name="TaskManager">
        <task active="true" id="Default" summary="Default task">
          <created>1722941148597</created>
          <option name="number" value="Default" />
          <option name="presentableId" value="Default" />
          <updated>1722941148597</updated>
        </task>
        <servers />
      </component>
      <component name="WindowStateProjectService">
        <state x="373" y="135" key="SettingsEditor" timestamp="1721404438131">
          <screen x="0" y="38" width="1728" height="1030" />
        </state>
        <state x="373" y="135" key="SettingsEditor/0.38.1728.1030" timestamp="1721404438131" />
      </component>
    </defaultProject>
  </component>
</application>