<application>
  <component name="StringManipulationState">
    <option name="lastActionModel">
      <UniversalActionModel>
        <option name="actionClassName" value="osmedile.intellij.stringmanip.styles.switching.ToPascalCaseOrCamelCaseAction" />
        <option name="description" value="Toggle: PascalCase / camelCase" />
        <option name="textWithMnemonic" value="PascalCase / camelCase" />
      </UniversalActionModel>
    </option>
    <option name="sortSettingsMap">
      <map>
        <entry key="SortAction">
          <value>
            <SortSettings>
              <option name="ignoreLeadingCharacters" value="//" />
            </SortSettings>
          </value>
        </entry>
      </map>
    </option>
  </component>
</application>