<application>
  <component name="Trusted.Paths">
    <option name="TRUSTED_PROJECT_PATHS">
      <map>
        <entry key="$USER_HOME$/work/Wayout.Portal.Frontend" value="true" />
        <entry key="$USER_HOME$/work/Wayout.Shared" value="true" />
        <entry key="$USER_HOME$/work/bloom-web" value="true" />
        <entry key="$USER_HOME$/work/cripto" value="true" />
        <entry key="$USER_HOME$/work/mobx-store-manager-devtools" value="true" />
        <entry key="$USER_HOME$/work/nolan-hill-frontend" value="true" />
        <entry key="$USER_HOME$/work/prices-parser" value="true" />
        <entry key="$USER_HOME$/work/react-mobx-manager" value="true" />
        <entry key="$USER_HOME$/work/react-modals" value="true" />
        <entry key="$USER_HOME$/work/react-native-responsive" value="true" />
        <entry key="$USER_HOME$/work/reactotron-mobx-store-manager" value="true" />
        <entry key="$USER_HOME$/work/thepetshop-app" value="true" />
        <entry key="$USER_HOME$/work/thepetshop-app-update" value="true" />
        <entry key="$USER_HOME$/work/tuconnect-control-center" value="true" />
        <entry key="$USER_HOME$/work/uplift-web" value="true" />
        <entry key="$USER_HOME$/work/webx-prm" value="true" />
        <entry key="$USER_HOME$/work/webx.crm.backoffice.v2" value="true" />
        <entry key="$USER_HOME$/work/webx.libs.crm.ui-kit" value="true" />
        <entry key="$USER_HOME$/work/webx.xrm" value="true" />
        <entry key="$USER_HOME$/work/webx.xrm.libs.api-logger" value="true" />
        <entry key="$USER_HOME$/work/webx.xrm.libs.date-time" value="true" />
        <entry key="$USER_HOME$/work/webx.xrm.libs.eslint-config" value="true" />
        <entry key="$USER_HOME$/work/webx.xrm.libs.form" value="true" />
        <entry key="$USER_HOME$/work/webx.xrm.libs.icons" value="true" />
        <entry key="$USER_HOME$/work/webx.xrm.libs.router-codegen" value="true" />
        <entry key="$USER_HOME$/work/webx.xrm.libs.table" value="true" />
        <entry key="$USER_HOME$/work/webx.xrm.libs.ui" value="true" />
        <entry key="$USER_HOME$/work/webx.xrm.libs.utils" value="true" />
        <entry key="$USER_HOME$/work/webx.xrm.libs.validators" value="true" />
      </map>
    </option>
  </component>
  <component name="Trusted.Paths.Settings">
    <option name="TRUSTED_PATHS">
      <list>
        <option value="$USER_HOME$/work" />
      </list>
    </option>
  </component>
</application>