<application>
  <component name="WebTypesNpmLoader" timestamp="1744276152061">
    <package name="@web-types/at-nuxt-vue-app">
      <version value="2.10.0-1" url="https://registry.npmjs.org/@web-types/at-nuxt-vue-app/-/at-nuxt-vue-app-2.10.0-1.tgz" />
      <version value="2.4.0-1" url="https://registry.npmjs.org/@web-types/at-nuxt-vue-app/-/at-nuxt-vue-app-2.4.0-1.tgz" />
      <version value="2.0.0-1" url="https://registry.npmjs.org/@web-types/at-nuxt-vue-app/-/at-nuxt-vue-app-2.0.0-1.tgz" />
    </package>
    <enabled>
      <package name="bootstrap-vue" />
      <package name="quasar" />
      <package name="quasar-framework" />
      <package name="vue" />
      <package name="vue-client-only" />
      <package name="vue-no-ssr" />
      <package name="vue-router" />
      <package name="vuetify" />
      <package name="@nuxt/vue-app" />
      <package name="lit" />
    </enabled>
  </component>
</application>