<application>
  <component name="DimensionService">
    <location key="find.popup.0.0.3456.2234@192dpi" x="354" y="248" />
    <size key="find.popup.0.0.3456.2234@192dpi" width="3022" height="1970" />
    <size key="GridCell.Tab.0.left.0.0.3456.2234@192dpi" width="3292" height="712" />
    <size key="GridCell.Tab.0.center.0.0.3456.2234@192dpi" width="3292" height="712" />
    <size key="GridCell.Tab.0.right.0.0.3456.2234@192dpi" width="3292" height="712" />
    <size key="GridCell.Tab.0.bottom.0.0.3456.2234@192dpi" width="3292" height="712" />
    <size key="GridCell.Tab.1.left.0.0.3456.2234@192dpi" width="3292" height="644" />
    <size key="GridCell.Tab.1.center.0.0.3456.2234@192dpi" width="3292" height="644" />
    <size key="GridCell.Tab.1.right.0.0.3456.2234@192dpi" width="3292" height="644" />
    <size key="GridCell.Tab.1.bottom.0.0.3456.2234@192dpi" width="3292" height="644" />
    <size key="GridCell.Tab.2.left.0.0.3456.2234@192dpi" width="3292" height="644" />
    <size key="GridCell.Tab.2.center.0.0.3456.2234@192dpi" width="3292" height="644" />
    <size key="GridCell.Tab.2.right.0.0.3456.2234@192dpi" width="3292" height="644" />
    <size key="GridCell.Tab.2.bottom.0.0.3456.2234@192dpi" width="3292" height="644" />
    <size key="GridCell.Tab.3.left.0.0.3456.2234@192dpi" width="3292" height="644" />
    <size key="GridCell.Tab.3.center.0.0.3456.2234@192dpi" width="3292" height="644" />
    <size key="GridCell.Tab.3.right.0.0.3456.2234@192dpi" width="3292" height="644" />
    <size key="GridCell.Tab.3.bottom.0.0.3456.2234@192dpi" width="3292" height="644" />
  </component>
  <component name="WindowManager">
    <frame x="0" y="38" width="1728" height="1030" fullScreen="true" />
  </component>
  <component name="WindowStateApplicationService">
    <state width="806" height="135" key="ShowUsagesActions.dimensionServiceKey" timestamp="1755183473608">
      <screen x="0" y="32" width="1728" height="1085" />
    </state>
    <state width="806" height="135" key="ShowUsagesActions.dimensionServiceKey/0.32.1728.1085" timestamp="1755183473608" />
    <state width="1206" height="135" key="ShowUsagesActions.dimensionServiceKey/0.32.1728.1085/1728.25.1920.1055" timestamp="1754578500041" />
    <state width="756" height="159" key="ShowUsagesActions.dimensionServiceKey/0.38.1728.1030/1728.0.1920.1080" timestamp="1747920012486" />
    <state x="864" y="553" width="800" height="1030" key="WELCOME_SCREEN" timestamp="1755238848761">
      <screen x="0" y="38" width="1728" height="1030" />
    </state>
    <state x="864" y="553" width="800" height="1030" key="WELCOME_SCREEN/0.38.1728.1030" timestamp="1755238848761" />
  </component>
</application>