<keymap version="1" name="macOS copy" parent="Mac OS X 10.5+">
  <action id="CloseContent" />
  <action id="EditorSelectWord">
    <keyboard-shortcut first-keystroke="meta w" />
  </action>
  <action id="Javascript.Linters.EsLint.Fix">
    <keyboard-shortcut first-keystroke="ctrl meta l" />
  </action>
  <action id="ReformatWithPrettierAction">
    <keyboard-shortcut first-keystroke="ctrl meta p" />
  </action>
  <action id="Stylelint.Fix">
    <keyboard-shortcut first-keystroke="ctrl meta semicolon" />
  </action>
</keymap>