<application>
  <component name="libraryTable">
    <library name="mapbox-gl" type="javaScript">
      <properties>
        <sourceFilesUrls>
          <item url="file://$APPLICATION_CONFIG_DIR$/javascript/extLibs/http_api.tiles.mapbox.com_mapbox-gl-js_v1.12.0_mapbox-gl.css" />
        </sourceFilesUrls>
      </properties>
      <CLASSES>
        <root url="file://$APPLICATION_CONFIG_DIR$/javascript/extLibs/http_api.tiles.mapbox.com_mapbox-gl-js_v1.12.0_mapbox-gl.css" />
      </CLASSES>
      <SOURCES />
    </library>
  </component>
</application>